time,voltage,current,temperature,rpm,power_kw
2024-01-01 00:00:00,419.9671415301123,21.85235509506328,60.4198066309758,1473.3508322849991,10.959857380020495
2024-01-01 00:01:00,413.6173569882882,23.81883328094026,60.69719673584963,1433.464428510144,11.384385063427585
2024-01-01 00:02:00,421.4768853810069,17.202864852361717,60.71508584682569,1425.4540334973308,10.866064063200032
2024-01-01 00:03:00,430.2302985640803,21.12593847338114,60.52100481351401,1449.8987662776715,11.253630776288768
2024-01-01 00:04:00,412.65846625276663,18.698714861756347,60.730471807598086,1444.8944613242522,9.98510826643697
2024-01-01 00:05:00,412.6586304305082,19.02574923247061,60.848517423224614,1436.4031585201817,11.670634965898351
2024-01-01 00:06:00,430.7921281550739,18.81521215152226,61.11707538923293,1470.8916234237015,11.50096438028978
2024-01-01 00:07:00,422.6743472915291,18.272018460640368,61.30762692973752,1478.6591562571152,10.846329095145448
2024-01-01 00:08:00,410.3052561406505,20.097043255889655,61.62249274433332,1452.6522065887555,12.027396534745924
2024-01-01 00:09:00,420.4256004358596,18.338099767177923,61.46192218086515,1494.3259024316578,12.250056110101246
2024-01-01 00:10:00,410.36582307187535,20.540913651559677,61.85714040055545,1415.749326575995,10.21395210850482
2024-01-01 00:11:00,410.3427024642974,19.899523781101728,61.91642028196317,1444.1902162216084,10.889820177147028
2024-01-01 00:12:00,417.41962271566035,19.52210390626718,62.53899854375075,1428.495330381916,10.884686120170162
2024-01-01 00:13:00,395.86719755342205,18.184872675916804,62.33224219832388,1394.0039014878082,10.748077519112908
2024-01-01 00:14:00,397.75082167486966,18.846457338863335,62.85303133927346,1447.519579424719,12.163579873545398
2024-01-01 00:15:00,409.37712470759027,21.51078245165151,62.91240457431225,1446.3475747485015,11.344939088981757
2024-01-01 00:16:00,404.87168879665575,21.001834375248762,62.71697917322791,1495.403492297264,11.288388126951512
2024-01-01 00:17:00,418.1424733259527,18.044889510402896,62.57181342301162,1468.9243505366433,9.896910108474597
2024-01-01 00:18:00,405.9197592447879,20.19866461085845,62.47570923055332,1419.274395270124,12.008334424167382
2024-01-01 00:19:00,400.8769629866471,21.502774246743577,62.602959014473896,1505.6227769900256,10.508593284117222
2024-01-01 00:20:00,429.65648768921557,16.66118943775726,62.75980966088455,1486.6310108657606,11.547946104213063
2024-01-01 00:21:00,412.74223699513465,21.08672038475987,62.58769965970298,1467.4629311040585,11.721901550366553
2024-01-01 00:22:00,415.67528204687926,18.674752482108307,62.58039328202468,1443.205477034505,12.58852687667092
2024-01-01 00:23:00,400.7525181378654,21.14119733718632,63.223074389608236,1421.2168228982955,10.45294368070471
2024-01-01 00:24:00,409.55617275474816,18.473481686914965,63.74133734063845,1438.8337967178684,9.08439027534334
2024-01-01 00:25:00,416.10922589709867,16.39023579867096,63.87223444154066,1482.6624585911256,11.647079635802957
2024-01-01 00:26:00,403.49006422577696,16.744915124233675,63.883635484991125,1506.5375891780382,12.940408945208683
2024-01-01 00:27:00,418.75698018345673,20.096169893322763,63.9196448830066,1496.2973058481657,12.491157082351549
2024-01-01 00:28:00,408.99361310081196,20.519445003442964,64.10370027482573,1435.3345173464118,11.6677275322197
2024-01-01 00:29:00,412.0830625020672,18.191366749791182,63.796862505266205,1416.4114770013296,11.106691051494362
2024-01-01 00:30:00,408.98293387770605,21.27718491755475,63.7196495440392,1454.2265874073362,12.145698077309849
2024-01-01 00:31:00,433.52278184508936,16.67695987546208,63.21907432187592,1396.9468190331145,10.721163040236425
2024-01-01 00:32:00,414.8650277526207,19.867840402705365,63.33884125865751,1459.6950314255434,11.881086215484975
2024-01-01 00:33:00,404.422890710441,17.577967600475088,63.533000040568325,1445.5719224110398,11.904376127333302
2024-01-01 00:34:00,423.2254491210319,18.69632778439568,63.38804410187851,1436.0189049439527,12.348167925999103
2024-01-01 00:35:00,402.7915635002898,20.094797342632827,63.86024013086553,1402.1589079819962,13.707728031128863
2024-01-01 00:36:00,417.08863595004755,18.279173269432096,63.492510431964824,1465.4080031970916,11.813932773743014
2024-01-01 00:37:00,395.4032987612022,19.23088891154035,63.05319796790188,1434.0189748101427,11.092829099434
2024-01-01 00:38:00,401.7181395110157,22.01258561842888,63.12053351346987,1414.9024949286913,11.479540550246405
2024-01-01 00:39:00,416.96861235869125,18.846216260953703,63.434663004253515,1363.8321336015506,10.084739276088705
2024-01-01 00:40:00,422.3846657999541,21.671384224130282,63.93984131169088,1449.174552848481,10.944229495128754
2024-01-01 00:41:00,416.71368281189973,17.740586290684764,63.8021760328302,1503.1675479000924,11.172574049509517
2024-01-01 00:42:00,413.8435171761176,21.059608355830566,64.12578028285958,1499.8377764364361,11.080729281652326
2024-01-01 00:43:00,411.9889630441071,22.8831372413158,64.11422774200938,1436.2871123024117,11.621883897626978
2024-01-01 00:44:00,400.21478009632574,15.056710999745421,64.06243955202713,1431.9336381891467,10.842064054094239
2024-01-01 00:45:00,407.8015579160529,18.406209489059048,64.32753753327313,1464.0632276822507,12.396824533859577
2024-01-01 00:46:00,410.39361229040213,21.15414425436108,64.52323439679715,1420.0484368243513,11.500165651934557
2024-01-01 00:47:00,425.57122226218917,19.593909227914015,64.05031674970188,1459.053756994584,11.492559743089108
2024-01-01 00:48:00,418.4361828956846,20.742291746742616,64.49327885461965,1472.9824083515407,11.237684226789666
2024-01-01 00:49:00,397.36959844637266,18.792029626568358,64.90730626086388,1486.8079967165293,11.624152547087183
2024-01-01 00:50:00,0.0,20.1731795749458,64.71963745041103,1446.9953777056014,12.160078611734107
2024-01-01 00:51:00,0.0,19.68864552921584,64.83837851044224,1443.889787494691,10.80629582743128
2024-01-01 00:52:00,0.0,22.335564123319614,64.98658756632707,1423.660522397303,10.973506808739796
2024-01-01 00:53:00,0.0,20.508841686602427,65.06478969607424,1425.1935893788043,11.257019176978668
2024-01-01 00:54:00,0.0,20.675205324150404,64.89969814992061,1443.2056332429543,10.423303261221427
2024-01-01 00:55:00,0.0,19.176246067755066,64.6982111395392,1461.0209652044853,10.844593712222801
2024-01-01 00:56:00,406.6078247677736,19.024787551855013,64.69054491824177,1477.4075387869975,11.119023301164273
2024-01-01 00:57:00,411.9078762414878,19.134883624360757,65.04236362401957,1425.9046314795896,12.199511344570181
2024-01-01 00:58:00,418.3126343140356,20.788904284756594,65.2054436703979,1494.7806570687856,11.71004906320154
2024-01-01 00:59:00,424.7554512712236,19.158031038359475,65.09425937077208,1441.8662919687229,11.654871929094035
2024-01-01 01:00:00,410.2082576215471,20.579549713792826,65.32576898396658,1449.358981169547,12.180718369734377
2024-01-01 01:01:00,413.1434102333618,24.15080159729088,64.47120619777755,1427.5836496255654,11.390102569280483
2024-01-01 01:02:00,403.9366502599397,21.742249406863383,64.81583590788918,1377.2727921918117,11.812371879943111
2024-01-01 01:03:00,403.03793375919327,19.347952935664317,64.29392177425575,1476.5213618908315,11.417422597654003
2024-01-01 01:04:00,423.12525822394196,22.40242784432789,64.18518949183482,1472.105316912773,11.712289879519703
2024-01-01 01:05:00,428.56240028570824,19.183849253956897,63.84928852344697,1441.5601732864536,11.033793073910735
2024-01-01 01:06:00,414.2798987841967,15.923750929644292,63.4608840807307,1452.0097215167461,9.548946273378856
2024-01-01 01:07:00,425.03532897892023,17.98382737816519,63.809132116944255,1465.478176531123,11.392576670250957
2024-01-01 01:08:00,418.61636025047636,16.25841615794829,63.668821756550685,1403.1236242934037,12.638198508879952
2024-01-01 01:09:00,408.5488024539488,19.296973031917382,63.7727729210699,1434.1284196796112,12.240972321793274
2024-01-01 01:10:00,418.61395605508415,20.036836758379103,63.75869674740615,1473.8279403886547,12.272317987672936
2024-01-01 01:11:00,430.3803656646597,23.352874624550566,63.901808995573084,1412.3713173049225,12.488904577444973
2024-01-01 01:12:00,414.6417396089005,20.653854747528325,63.92485556289116,1458.8067379649988,11.57092607276915
2024-01-01 01:13:00,430.64643655814007,19.56179894238227,63.539957895634586,1409.3025458612979,11.657852565924477
2024-01-01 01:14:00,388.8025489591026,21.658811162366977,63.83883794146873,1463.9928994730058,11.00587848365252
2024-01-01 01:15:00,423.21902504375225,15.57772938198423,63.690710966520335,1448.9307555310754,11.24714171517836
2024-01-01 01:16:00,415.8704706823817,20.47122911621713,63.22373639692241,1401.5460455228347,11.992616919816914
2024-01-01 01:17:00,412.00992649534135,21.541730387773935,63.09530184863264,1484.9421806337152,12.463107549735053
2024-01-01 01:18:00,415.917607765355,17.04282750844032,63.54552978582293,1427.9622526960586,11.388442979455201
2024-01-01 01:19:00,395.12431085399106,22.287508086413858,63.80059630845698,1425.6924268895687,11.13984858811887
2024-01-01 01:20:00,412.8032811216249,20.67699281498883,63.69600066813462,1456.0170759169282,11.500422367085278
2024-01-01 01:21:00,418.5711257151175,19.169424172198397,63.591223356839095,1484.4591204828614,11.980965399143292
2024-01-01 01:22:00,429.77894044741515,21.26556373221257,63.494732841473876,1419.525345430648,10.344916147093166
2024-01-01 01:23:00,409.8172978172635,24.54138571560879,64.11775723654213,1451.8503954954392,9.663055237490209
2024-01-01 01:24:00,406.91506397106815,20.36373251011699,64.2323378722116,1462.8644950099172,11.059570520406734
2024-01-01 01:25:00,409.98242956415464,20.496441172600672,64.36135036636891,1470.7931682178944,10.523430059268673
2024-01-01 01:26:00,424.15402117702075,19.081278200919513,64.67043540257846,1455.2932466583168,11.093487841882151
2024-01-01 01:27:00,418.28751109659686,18.300311261070416,64.74207215028642,1438.9891648275004,11.381775744946022
2024-01-01 01:28:00,409.7023979623296,21.66067163308849,64.66435950654021,1425.1722933805383,11.13740127278159
2024-01-01 01:29:00,420.13267433113356,18.287832348182267,64.60545455181472,1452.5843164913913,12.661974027576596
2024-01-01 01:30:00,415.9707754934804,20.143132474438787,64.5839741739905,1417.8358296404317,11.761395811681856
2024-01-01 01:31:00,424.6864499053289,19.044685106469768,64.57280750303755,1362.3594854951618,11.740379487688664
2024-01-01 01:32:00,407.9794690612265,20.957959651492782,64.79109636612864,1463.09679412473,11.997765715234722
2024-01-01 01:33:00,411.72337853402234,20.667324210573895,64.80668013187083,1477.118045232586,10.588933505775385
2024-01-01 01:34:00,411.0789184686784,22.0750798885158,65.0264721550355,1379.1120269337448,12.331289429936215
2024-01-01 01:35:00,400.3648505186788,18.979967202290506,65.00225718100293,1419.7080788587018,11.439388570771632
2024-01-01 01:36:00,417.96120277064574,19.460250129413257,65.02584773809775,1468.574627830156,12.03638449379297
2024-01-01 01:37:00,417.6105527217989,18.042472568435386,64.42638753273812,1511.724864091351,10.642514213567875
2024-01-01 01:38:00,415.0511345664246,19.111413479847776,64.70128583514887,1450.6238112302622,10.256992987187148
2024-01-01 01:39:00,412.65412866624854,20.754600986089706,64.80523237791827,1428.159911763126,12.154311726420023
2024-01-01 01:40:00,400.84629257949587,21.513977233290703,65.10463541087617,1444.513106766855,11.801127620878013
2024-01-01 01:41:00,410.7935467723464,18.15566935164475,64.23575879741806,1491.2462925744455,10.778358756513992
2024-01-01 01:42:00,411.5728548347323,21.739211840211322,64.86227120885228,1430.6210746262639,10.804269534980245
2024-01-01 01:43:00,406.97722730778383,22.7112757176099,64.82039432040573,1426.0242398004923,12.400347827531816
2024-01-01 01:44:00,413.3871428833399,20.8268698064474,65.15284916542697,1435.517694334539,10.548470485706138
2024-01-01 01:45:00,419.04050856814536,23.753591625116133,64.84087738728932,1421.4001417522386,12.814138362604771
2024-01-01 01:46:00,433.8618590121053,18.452421601792853,65.02470955880808,1453.6801094798438,10.779503412281706
2024-01-01 01:47:00,416.74577812831836,17.510690593377166,64.70868488985599,1498.7403537540868,12.010713540486707
2024-01-01 01:48:00,417.57550390722764,16.442559502191443,64.52155420164725,1459.6923781934809,11.237105219400812
2024-01-01 01:49:00,414.25554084233835,22.992088622978365,65.09576360780729,1442.4293949362113,11.982549944865875
2024-01-01 01:50:00,395.8122878470096,21.308731312708115,65.03855888757829,1441.2456619325337,11.064708798308645
2024-01-01 01:51:00,414.73486124550783,19.88883065817909,65.1037887495322,1403.1042757391003,11.369765675142165
2024-01-01 01:52:00,415.6023020994103,20.559937252639642,65.36480906873882,1476.4932933144148,11.532735340316577
2024-01-01 01:53:00,439.63242112485284,17.749021905403247,65.51351363513061,1447.664884089616,10.698250035374821
2024-01-01 01:54:00,413.07639035218875,24.891503959233653,65.55863930667368,1444.5856025922812,12.0926594763361
2024-01-01 01:55:00,418.0154734233361,20.258442363950454,65.66812760741355,1545.7932270353458,11.089429146822733
2024-01-01 01:56:00,414.65288230294755,20.218789589209784,66.38915228298504,1458.9625872509705,11.317120067727986
2024-01-01 01:57:00,403.3132196238047,21.451533247797386,66.37186664387495,1427.4462684971445,10.70452050031319
2024-01-01 01:58:00,426.42822814515023,20.962018463473427,66.43219635788945,1437.2092721138338,9.450133072963752
2024-01-01 01:59:00,422.51933032686776,20.447768048558263,66.74739267669173,1484.4533712759026,11.347177789919865
2024-01-01 02:00:00,422.91031947043047,18.419051089109377,67.07905045657913,1453.398112316133,13.430092337290333
2024-01-01 02:01:00,405.9061254520526,20.94293671427199,67.43515954824724,1406.851660650479,12.127683430318418
2024-01-01 02:02:00,429.027943109361,23.764048992950066,67.626778614856,1477.5768680372562,11.484591696212485
2024-01-01 02:03:00,400.9814893720772,22.690840092309955,67.28387714103685,1429.9556774338303,11.289687336633385
2024-01-01 02:04:00,420.8685709380027,23.186373253278795,67.77390660072717,1506.1989332865264,11.517972714249638
2024-01-01 02:05:00,436.9045562580998,18.97756864713763,67.43000298282158,1482.4014419714395,11.937695292140168
2024-01-01 02:06:00,405.0946367486931,18.020790359482838,67.52079362239328,1436.5803431302375,10.555349747752924
2024-01-01 02:07:00,409.33702270397225,19.748426159800704,67.29451086738747,1488.4304908520535,12.391457355735097
2024-01-01 02:08:00,415.9965136508764,20.111449824577388,67.27526936340958,1452.0356653158221,12.072305052352995
2024-01-01 02:09:00,409.965243458838,22.188383036941897,67.37389808650062,1475.5832102536665,12.074548580566347
2024-01-01 02:10:00,399.4933656893387,16.61507074057036,67.4703052511357,1464.5419845188342,11.850780591047782
2024-01-01 02:11:00,415.68562974806025,23.059100638921226,67.59688147740628,1424.6093003502738,11.515693326155192
2024-01-01 02:12:00,404.37696286273894,19.683984202842023,68.08099485812389,1430.6935050304762,12.038288988773456
2024-01-01 02:13:00,419.7359243063518,19.14623786010516,68.21705514857808,1480.8988245274347,11.973451306993102
2024-01-01 02:14:00,405.80575765766196,17.975791249479666,68.14380815799089,1439.9567400368037,11.216767431247181
2024-01-01 02:15:00,430.4993440501754,16.690286656268462,68.43303430847739,1437.89054610274,11.041118581682479
2024-01-01 02:16:00,407.16746707663765,21.64634116792383,68.78987545515479,1421.3463226195195,11.581485036209589
2024-01-01 02:17:00,411.77938483794327,20.146635934376807,68.42159311061368,1462.7079719678038,12.73921612119615
2024-01-01 02:18:00,423.1351721736967,17.420078200517892,68.60081313156864,1511.8757475772943,10.50871433947688
2024-01-01 02:19:00,402.69135683566043,17.409842455872766,68.81116495426191,1417.9740125723717,10.325979787398047
2024-01-01 02:20:00,417.27459934604127,19.328430601419743,68.72189590325391,1450.7265837001828,11.631808672989214
2024-01-01 02:21:00,428.07142754282427,23.338043050578786,69.1346079472474,1492.3666166624628,11.540710161484814
2024-01-01 02:22:00,398.92516765438774,19.48081729727279,69.08959127113764,1447.6107582626285,11.638673331496326
2024-01-01 02:23:00,416.84633858532305,16.99371409376379,69.1272642071791,1463.571153887492,11.6951625583268
2024-01-01 02:24:00,417.59882794248426,19.50851387182811,69.07534265989393,1418.1281941555935,11.321438196292156
2024-01-01 02:25:00,422.8182287177731,19.45455286050466,69.08001637416838,1462.8492129162294,12.691890750881665
2024-01-01 02:26:00,402.6304928912192,14.606226714116858,68.75113384809981,1444.3856720498636,10.219276817218788
2024-01-01 02:27:00,401.79543386915725,19.891410266964375,68.31911858332153,1479.5718998703958,10.837202380175803
2024-01-01 02:28:00,420.21941565616896,19.538130939582643,68.79747010228903,1485.6215815469425,11.417396191880762
2024-01-01 02:29:00,417.96984673233186,21.392412729626837,68.54338169779352,1527.6869092605584,10.185448951076665
2024-01-01 02:30:00,417.50492850345876,23.69791218989069,68.24596399295663,1467.3889951964072,11.359316476454342
2024-01-01 02:31:00,418.46448209496975,22.253130059095515,67.59994695887552,1459.773889497465,12.829176132582415
2024-01-01 02:32:00,408.1997527842151,19.46222261889034,67.40825843456867,1455.8315290473201,11.51670919063677
2024-01-01 02:33:00,417.32253697161,17.78694818251666,67.01133149654642,1439.4050112156795,11.684560724574947
2024-01-01 02:34:00,417.9307247329868,25.146719606499722,67.50393604458733,1460.1545153038508,10.491868187861936
2024-01-01 02:35:00,407.85648581973635,20.118436868028976,67.80688117139012,1441.137957695829,11.006910873568419
2024-01-01 02:36:00,433.6577451114476,20.027858583825893,67.6004360678368,1455.0538292880885,11.19984289574085
2024-01-01 02:37:00,419.73832920911786,19.951749825779995,68.2761668094401,1489.5279260682387,11.245827922595012
2024-01-01 02:38:00,403.0869650279735,20.39616952153571,68.57069645553757,1419.8037230416107,12.525315036003015
2024-01-01 02:39:00,421.5655360863383,19.711279176152114,68.47324704048498,1484.1963568338713,11.9461528485801
2024-01-01 02:40:00,405.25318329772676,18.85267598623953,67.72342532602292,1489.513452020196,10.610833634450374
2024-01-01 02:41:00,422.87084603742454,18.906282117519215,68.41070809780014,1446.4579441902677,11.697203822745603
2024-01-01 02:42:00,426.585955790074,19.934493459568003,67.99383635777106,1386.3443530297423,11.898577398797428
2024-01-01 02:43:00,406.7931768164829,18.91315045773247,67.50021673368398,1431.765340387167,12.412119230817012
2024-01-01 02:44:00,424.63376129244324,18.574308434645673,67.80698786328688,1488.9098363968333,12.7644325492547
2024-01-01 02:45:00,419.127809269365,20.212860455383794,68.53891358518867,1449.3139581310336,10.687924646537706
2024-01-01 02:46:00,423.22060159994487,19.49004556515829,68.95419543074182,1420.0209330311527,10.851313991031729
2024-01-01 02:47:00,433.9679298265395,23.007985977165376,69.12336816675753,1434.8567523631534,10.493937712868307
2024-01-01 02:48:00,412.5461188399713,14.698060383213976,69.30179446925712,1475.2186007951366,11.312784112714414
2024-01-01 02:49:00,407.4626383564251,22.183013703844924,69.55781913689121,1466.4020070460415,11.873086699557067
2024-01-01 02:50:00,406.10485570374476,22.49217038499526,69.78549771382724,1442.8320370249091,12.289867613271282
2024-01-01 02:51:00,406.84189715034563,15.853219535183701,69.86985514101805,1438.9952676455594,11.439239181085982
2024-01-01 02:52:00,414.22898290585897,19.314624811839302,69.90111547220361,1438.2472555286854,11.244121981396125
2024-01-01 02:53:00,418.4115197481664,19.257118268008416,69.88233753383375,1422.327694465045,11.621406393798992
2024-01-01 02:54:00,417.7669079933002,17.18497661056436,69.65614815717375,1498.4612706840833,10.831885678695981
2024-01-01 02:55:00,423.2718324903602,18.44436662481825,69.57194563411372,1440.3303859236598,13.171630977355818
2024-01-01 02:56:00,415.13001891877906,17.778848309068344,69.06405858985511,1486.5147556247648,10.213871178305553
2024-01-01 02:57:00,429.53534077157315,23.504540886847245,69.03455670181668,1495.6394815576734,11.647792463116579
2024-01-01 02:58:00,412.35343166762044,21.87135678629492,68.73797936967141,1479.9493269444388,13.118884975383711
2024-01-01 02:59:00,442.2016916658962,22.54311018998832,68.40690257450667,1437.0513906184585,11.505439875647998
2024-01-01 03:00:00,421.25667347765005,21.44334412808647,68.46087081985272,1462.1119027100983,11.347968771998804
2024-01-01 03:01:00,406.4284244358372,17.74189645756554,68.8784715057561,1449.2741318082726,11.214043661751658
2024-01-01 03:02:00,404.29107501938887,18.950959467440452,69.15396648755679,1422.8889441780962,11.355686654590073
2024-01-01 03:03:00,419.8247241524318,20.978749122455834,68.68281630646983,1459.7307784516481,12.598278779741225
2024-01-01 03:04:00,412.76537214674147,17.55574438221611,68.38592786549873,1414.6288062652059,9.730510470936395
2024-01-01 03:05:00,422.1400049409209,21.425996860344775,68.6681592218952,1485.6303816538468,12.72674696103706
2024-01-01 03:06:00,419.73237624573545,19.51934920368373,68.3734130038337,1436.0614810810482,10.360834278039883
2024-01-01 03:07:00,414.2717108734313,19.250358384900807,68.3060230588346,1456.0347896761853,11.286678136612467
2024-01-01 03:08:00,406.53206281931597,21.421919936406983,68.47103868854197,1458.4986361463843,11.15660446376107
2024-01-01 03:09:00,399.85152775314134,20.88852662297208,68.18053535208287,1442.2328507888776,11.970842615816576
2024-01-01 03:10:00,410.5348504793298,19.27806766836184,68.21214800392667,1467.6008140442582,10.221500518493002
2024-01-01 03:11:00,423.56398794323474,22.318659606728495,67.8119403554512,1435.7528903013242,11.869738132865555
2024-01-01 03:12:00,417.140937441302,17.837873344800204,67.63153006226584,1476.1389189237173,13.119447698629482
2024-01-01 03:13:00,402.5426122128801,21.231871213888528,67.72746464250861,1409.6206095925975,10.409460796325751
2024-01-01 03:14:00,416.7318092585118,21.186202515936767,67.2495665224491,1453.7913873863924,11.651764934088316
2024-01-01 03:15:00,418.8531737972884,19.38090712137202,67.38170894383722,1508.1678699717486,10.970414257762712
2024-01-01 03:16:00,406.16142563798866,20.652266044484236,67.37581760415921,1419.9900602618327,11.840709764954429
2024-01-01 03:17:00,416.5372510594553,17.497772847229395,67.54156459048436,1429.6676508842545,11.515318221932601
2024-01-01 03:18:00,415.58208718446,21.848054038413803,67.60873883070376,1465.4172354897673,10.986810472764553
2024-01-01 03:19:00,403.57029702169376,19.63019572711402,68.01798095969592,1455.387453458188,11.890297827896859
2024-01-01 03:20:00,418.57787360348283,999.0,68.05554831049028,1460.5189029782068,12.943478487829395
2024-01-01 03:21:00,420.60784526368235,22.098018451673777,67.92672664815271,1464.6756139044298,11.34727696661816
2024-01-01 03:22:00,425.83051243175277,18.591312618914483,67.9634158990624,1469.041644056853,12.075806353718546
2024-01-01 03:23:00,425.53802052034905,17.18307740727288,68.12640530777331,1483.2909952586867,10.46538163370307
2024-01-01 03:24:00,401.22330632042906,16.886741652952193,68.14106332887103,1462.2945597078553,10.734850898545593
2024-01-01 03:25:00,405.6217496008488,21.212019902691278,68.15324083623219,1442.7622703614438,11.877925022304302
2024-01-01 03:26:00,420.15035267208657,17.439141295007435,67.94264332989016,1470.1772110360819,12.687292822828772
2024-01-01 03:27:00,420.1378595091221,23.509588363968728,67.74377305462488,1506.9964580468566,11.784490679028528
2024-01-01 03:28:00,420.1504768630605,15.836141184232556,67.32299147308497,1446.0209876085228,11.249553575581476
2024-01-01 03:29:00,453.5273149065472,23.392912736580076,67.84786449604105,1420.7641208598807,11.499433124338683
2024-01-01 03:30:00,420.7089051069317,20.422034934405236,67.47470552542366,1483.2124200786093,10.499673812824225
2024-01-01 03:31:00,426.355656401806,19.806573776259214,67.26683396608489,1446.388565081392,11.983612261084293
2024-01-01 03:32:00,424.54001763493204,18.9101618263821,67.05131178641413,1384.819913619579,12.205866449858727
2024-01-01 03:33:00,421.51391251305796,20.798272228704143,67.31978909949747,1475.4226503145126,11.138327733733536
2024-01-01 03:34:00,411.8473075535965,19.924730595150304,67.23130419600986,1433.9401544213824,11.123966281792399
2024-01-01 03:35:00,422.5896922049327,22.206603764033044,67.60562681781198,1447.2840015308752,11.712702583721638
2024-01-01 03:36:00,407.27174785462427,20.22845529732408,67.40357963053881,1459.9594099170704,11.150624211167523
2024-01-01 03:37:00,412.6318139325999,20.300603522923755,67.48727787920595,1455.714990393372,11.447093908299342
2024-01-01 03:38:00,410.14636452170896,19.27277557557229,67.23667376322803,1471.283554514171,13.179777431333212
2024-01-01 03:39:00,415.8187413938632,19.886108752557867,67.88021850156005,1436.9354088829048,11.302379439403202
2024-01-01 03:40:00,438.14658566673506,20.615603537784118,67.5239389758512,1465.3931739452826,11.213327878383023
2024-01-01 03:41:00,396.3273480740825,16.57966321468675,67.6168851889193,1442.2135996724826,10.981966555491873
2024-01-01 03:42:00,421.86260190374514,17.303629155788574,67.80701825319893,1472.1643144266252,12.09535357719995
2024-01-01 03:43:00,398.8728412881035,21.48652818804543,67.93115798243437,1468.4610245203917,11.355020661425518
2024-01-01 03:44:00,410.28068134210565,20.341730876255884,67.87557168477106,1421.936838938662,10.98050156934286
2024-01-01 03:45:00,425.8895059696737,19.632033327294643,67.83662547485103,1482.579463485251,12.55704322581841
2024-01-01 03:46:00,415.64280019095463,20.036867866130788,67.84976891644477,1433.9210966465785,12.63568240361091
2024-01-01 03:47:00,404.2225522207069,20.695163410723342,67.80566831595623,1474.2417339484343,11.019661147409035
2024-01-01 03:48:00,407.8469629074003,18.920480639381278,68.0948320509947,1461.0186194020403,10.006768038911506
2024-01-01 03:49:00,421.79597748934674,18.443390549195374,68.7579889514721,1505.1455103038536,12.306010951869538
2024-01-01 03:50:00,407.69633368282865,20.391690510195364,68.59074141596975,1443.2960205288443,10.952296139391997
2024-01-01 03:51:00,417.16458589581976,18.043254444769936,68.17980052209603,1439.520496116454,12.132500479330215
2024-01-01 03:52:00,415.4557183990381,20.816505511428943,68.15331590759065,1449.417411823368,9.92391694583053
2024-01-01 03:53:00,408.4839965239418,16.59483279152432,68.92722870888694,1440.9046065149716,12.214077870639448
2024-01-01 03:54:00,436.4394408932533,22.058311274651288,68.68612633849602,1473.9982570582615,10.531062456575375
2024-01-01 03:55:00,421.33919022318014,20.945194964826086,69.17786138012924,1401.5106817469023,12.08461129525322
2024-01-01 03:56:00,394.7485741334239,20.51205946862775,69.68117162435217,1418.3895274256095,11.511418454269148
2024-01-01 03:57:00,416.8645431476943,21.965381967891027,69.51509515183979,1417.9659123526242,10.736848464482684
2024-01-01 03:58:00,408.38213535231614,23.330948888925153,69.68579007559536,1478.5092277592073,11.174370949658575
2024-01-01 03:59:00,423.5243333479622,22.02874013003626,70.17430906253392,1501.3184011774579,12.04905476556536
2024-01-01 04:00:00,407.074792615673,16.31825153733671,70.06057074023768,1446.8665234438758,11.584715562492187
2024-01-01 04:01:00,413.85263558533103,17.440846066528596,69.99949663220697,1444.9353483042996,11.967530384377987
2024-01-01 04:02:00,420.04987278980457,18.75036284460864,69.82499235802239,1452.1015648933953,13.08115246761239
2024-01-01 04:03:00,423.65755194170123,20.052182100421668,69.52056533881452,1484.8563490782458,10.248606710631158
2024-01-01 04:04:00,402.99703592944223,21.035318040938247,69.32578207529471,1422.1794059742829,12.7937700599749
2024-01-01 04:05:00,411.65498764159054,18.548512373693068,68.95859999526604,1457.1510694820436,11.58348475001857
2024-01-01 04:06:00,410.25054688839043,20.373533528954155,68.9688250357438,1479.2559288934729,10.780972761341497
2024-01-01 04:07:00,408.46670767426286,18.489234135293355,68.73783306642622,1465.0328250981954,10.435749099408808
2024-01-01 04:08:00,432.654542402811,18.776964394016105,68.80796883996344,1455.6874484979624,11.348703687378373
2024-01-01 04:09:00,419.04981710960953,17.186677806303557,68.34120014610235,1480.0313827770142,12.237320089539567
2024-01-01 04:10:00,402.3911604566496,18.153533507778192,68.44046421576668,1368.9030312100228,11.397960703697972
2024-01-01 04:11:00,424.17861947054774,17.29663078876733,68.69052290424936,1470.3362595859273,12.708923944197878
2024-01-01 04:12:00,436.22156197012634,18.048253494045333,68.09240221147793,1430.3777295061773,10.339059447958753
2024-01-01 04:13:00,425.32465260551146,22.10728359321568,68.2046191824322,1395.0810130943064,11.490328841723157
2024-01-01 04:14:00,399.80630034045987,18.101202222336113,68.57291988017418,1465.3360779857494,10.498085244469504
2024-01-01 04:15:00,410.1576592713375,25.26476412967478,68.21002757456682,1491.2097563548887,11.790905506099975
2024-01-01 04:16:00,427.6691114918662,20.98663580176178,68.71179929061813,1445.8765445611693,12.20950991207784
2024-01-01 04:17:00,407.9233053438122,20.369672247389747,68.83750499342796,1478.5862364160882,11.163390565055158
2024-01-01 04:18:00,419.4381942814623,18.283284439637573,68.62600143670042,1498.3683477396594,9.416628914698293
2024-01-01 04:19:00,422.7463405342934,21.40061975881798,68.60927071340312,1489.4474336075214,11.659158517437195
2024-01-01 04:20:00,405.73069528421917,18.848724347524453,68.77676878715963,1499.1989358811418,11.849390841386807
2024-01-01 04:21:00,414.404746439382,20.244019629290722,68.79957040458336,1472.2638247321568,11.823435803969359
2024-01-01 04:22:00,382.5873265993093,25.12016907653759,68.96119720231727,1452.2630091670478,12.488625753457724
2024-01-01 04:23:00,404.7561235866571,19.8078802005507,68.68499512439345,1401.941025643085,10.64315705628076
2024-01-01 04:24:00,412.4743184860684,22.298546652571353,68.73580337160428,1442.6181253561015,12.044172884360359
2024-01-01 04:25:00,402.5221681803515,18.593647149748225,68.31168902253279,1424.7026021405143,12.454006009982379
2024-01-01 04:26:00,431.32411303931633,19.930023019006075,68.27832120412818,1515.1282815249344,10.077129932794787
2024-01-01 04:27:00,400.6985862203937,23.54160127127102,68.00714891168874,1444.7234256270299,11.755721460735181
2024-01-01 04:28:00,410.59955513303015,18.746065884424464,67.7864899289118,1453.6961442035345,11.096656135193863
2024-01-01 04:29:00,416.30740577286093,23.624897115993857,68.15731788147494,1466.544561281214,11.434781861518683
2024-01-01 04:30:00,429.4127328906612,21.41550387091095,68.48471091765322,1451.3080733911736,11.77814118683067
2024-01-01 04:31:00,400.6413784882056,18.875066448211463,68.66745235392537,1500.8515312129225,11.110217148709157
2024-01-01 04:32:00,426.6316375215496,21.264815478111043,68.3397585245236,1431.3205191479665,10.95943353667071
2024-01-01 04:33:00,415.10233061019585,21.94510889925346,68.24483598961515,1455.8382236571172,11.52732193399042
2024-01-01 04:34:00,405.1849134895205,21.24361992443439,68.60876529960892,1427.7258824290586,10.630203248909758
2024-01-01 04:35:00,419.62103474263273,16.859550560219088,68.65128037370089,1410.3993246633788,10.631339896891852
2024-01-01 04:36:00,416.9905969557347,18.545725648350263,69.34707923569539,1431.6469272728414,12.043498626365203
2024-01-01 04:37:00,408.99783122841205,19.50496272889699,69.46507458751371,1448.8888960885477,10.580964771873075
2024-01-01 04:38:00,415.6980208499002,19.851133141799906,69.52268932246072,1437.1209332644821,12.03305000072737
2024-01-01 04:39:00,411.1468640313824,21.241344195101355,69.42995438319997,1429.2273706037843,11.87007303428316
2024-01-01 04:40:00,416.1351734525125,20.35540200186651,69.47001665463465,1407.810476089845,10.119354616967522
2024-01-01 04:41:00,421.62130674521046,17.3293112825798,69.42427570372048,1447.5068328211391,10.957948278131475
2024-01-01 04:42:00,430.86016816145354,20.760395702011927,69.63670830672706,1404.8583887790699,12.455287522437898
2024-01-01 04:43:00,402.6218450117315,21.221171490567645,69.92371900176545,1472.801678910688,10.715067575088256
2024-01-01 04:44:00,436.33033374656264,21.11958089586208,69.68792216361305,1452.473192588035,11.12847659015249
2024-01-01 04:45:00,395.479122004775,22.161561451109243,69.28855227754572,1406.2734550160521,11.869648714601517
2024-01-01 04:46:00,413.4821490496442,21.66784430909781,68.73769066561474,1440.7237276885041,12.126712407426076
2024-01-01 04:47:00,420.8831720648458,20.918360158456874,68.8900880636885,1427.4353078322824,11.298768891164404
2024-01-01 04:48:00,417.8099186773503,19.859668577082704,68.55907808183633,1459.5752353125754,11.021991844246687
2024-01-01 04:49:00,408.77300480179406,16.678078132968018,67.91321090395058,1490.2135133806944,12.637895889358806
2024-01-01 04:50:00,412.91877749642725,20.85923643826517,68.02978448530988,1393.7448259106277,12.891119731038064
2024-01-01 04:51:00,410.06999065341165,20.41537537432622,68.77768434053972,1453.4507823744225,12.283086440625436
2024-01-01 04:52:00,409.1063524305579,20.54315767439075,68.77586306707775,1445.1960161330007,11.56825451405202
2024-01-01 04:53:00,423.4960209702102,17.44650284835938,69.02741029941325,1470.140202293514,10.853387422687259
2024-01-01 04:54:00,418.5701548596505,17.837886919183475,69.0519591069775,1456.3958988471306,10.835644474754748
2024-01-01 04:55:00,408.07090404739347,22.106305706665808,69.02229221102017,1427.4409200478353,11.918011284212605
2024-01-01 04:56:00,423.9959987543325,19.92088969228669,69.2980151559165,1440.4283819300015,11.834718576710946
2024-01-01 04:57:00,418.0729952087661,21.36300139474525,69.2109327926599,1426.1192242958953,12.621278874357143
2024-01-01 04:58:00,423.1286211883896,20.05663675226092,69.29115048688148,1482.280214157958,12.020360074028911
2024-01-01 04:59:00,421.29628841923613,20.05951227899149,69.38765982874028,1450.6393494601582,10.297535758592145
2024-01-01 05:00:00,406.71004989077926,21.876567611951995,69.18723269264736,1507.0357205725902,12.341558094178335
2024-01-01 05:01:00,409.3981895980303,18.967910543565253,69.48484539750832,1448.1801755855613,10.70155149814847
2024-01-01 05:02:00,422.47293605123264,20.192241553881967,69.4323574704997,1428.747796992686,11.192822982438118
2024-01-01 05:03:00,421.10370265433465,19.075449422589916,69.20563392265184,1404.588568221615,11.700160165001355
2024-01-01 05:04:00,414.79098406035854,19.13100754513537,69.36658687572296,1395.9058097123216,13.096533991827172
2024-01-01 05:05:00,416.1732738330878,19.38165575306272,69.09704648118566,1402.4759217098353,13.98793484480429
2024-01-01 05:06:00,427.7766489578843,20.444267543267426,69.10550082839639,1458.0137995303446,11.985378447308946
2024-01-01 05:07:00,409.0842861116417,19.042502756673045,69.10276512940312,1465.261750696898,11.35344270502369
2024-01-01 05:08:00,420.4709738117004,22.511512251147042,69.4285337991526,1402.564278939036,11.92760451878444
2024-01-01 05:09:00,412.97807347566106,18.210785395560993,69.5709432690166,1476.8511494222835,12.21012434069907
2024-01-01 05:10:00,412.8231879677278,19.626256711677282,69.56343518139305,1435.508168449497,11.243465899554247
2024-01-01 05:11:00,425.9877685198719,19.12053788345165,69.80876507115313,1454.4037903595665,12.936169084729858
2024-01-01 05:12:00,423.2541634898803,22.893955768707464,70.22582733585833,1498.3666188476627,11.684056607353122
2024-01-01 05:13:00,423.1350963600064,20.393109553023148,70.39317042776389,1476.905179475966,11.898194471273115
2024-01-01 05:14:00,428.05478807154327,22.06368907893727,70.3962762137169,1441.944080562825,12.03273940164357
2024-01-01 05:15:00,415.21003841632756,17.028879253926057,70.00272534401185,1423.2642332375415,11.837269288491564
2024-01-01 05:16:00,421.81952971294965,20.534100531738517,69.68319124508923,1385.4455379601209,12.17115240037569
2024-01-01 05:17:00,411.89733243406545,21.779261591246875,69.59162383378285,1428.4254004227273,11.006197450762462
2024-01-01 05:18:00,418.2416635248844,20.16456797855085,69.40877017313505,1443.6660928351691,11.053358596843175
2024-01-01 05:19:00,413.6985694563231,22.130960750130704,69.35267878223942,1420.3846141854644,10.619876613622644
2024-01-01 05:20:00,415.9699596499272,18.965423099799256,69.36967375970855,1446.0622909872309,11.851600984496182
2024-01-01 05:21:00,420.95157025436913,22.81869488037116,69.52858158601558,1452.3055564887632,12.12314920280969
2024-01-01 05:22:00,406.8177931676653,24.5977962472385,69.50743195259784,1443.2543205457575,11.86621829292151
2024-01-01 05:23:00,435.9238727568546,19.27432287912068,69.6533824457457,1430.4999225752963,12.83959394667803
2024-01-01 05:24:00,404.93982618500297,19.108994957198455,69.67272477018874,1455.059640159002,11.495523184936763
2024-01-01 05:25:00,402.85811387212266,22.906768954235403,69.08008480028258,1463.2582194870822,12.03499332447401
2024-01-01 05:26:00,426.58110873500067,23.159144291461423,68.79828418213695,1417.2880276767146,10.626639299088549
2024-01-01 05:27:00,422.91662693962934,18.954279945693465,68.75505791542047,1492.327971392388,11.19032023802048
2024-01-01 05:28:00,421.24119817052156,19.159626365808286,68.39214949256814,1447.042356031472,12.056430206052623
2024-01-01 05:29:00,421.2834550926428,19.436430782278986,68.572128111567,1450.5654886883453,12.179281688594514
2024-01-01 05:30:00,414.87753227153087,17.311098977931447,69.0313533612701,1471.2464326976967,11.264826441868655
2024-01-01 05:31:00,406.0274562851417,18.162696107031604,69.39698191677931,1456.996483937905,11.442720598513546
2024-01-01 05:32:00,415.75804558193727,17.991718466495865,69.33294905550024,1478.5940990173974,10.285701002655353
2024-01-01 05:33:00,408.2283828848789,18.464404869791743,69.78016689655523,1458.6137249560547,11.214376639354713
2024-01-01 05:34:00,424.7511973341775,19.930630225226437,69.82476713371587,1431.626878760787,12.212306530815829
2024-01-01 05:35:00,413.5294261849786,20.46842946507304,69.72364134238045,1460.845105756183,11.960164012885253
2024-01-01 05:36:00,406.74502803207486,23.101000985628154,69.53962054331816,1415.6882137803802,11.900532577104968
2024-01-01 05:37:00,411.78614158347006,18.003291918522418,69.44887963737173,1453.2567911732956,11.539818949744769
2024-01-01 05:38:00,419.1293145427562,21.968644796953168,69.33242659180937,1449.003100280666,11.50565052690254
2024-01-01 05:39:00,409.3627544719603,19.57202231154898,69.383551458522,1443.7564942818237,10.971743088421242
2024-01-01 05:40:00,406.7777960443357,19.901072580695136,69.43172365283696,1446.1438746568322,12.059062736162028
2024-01-01 05:41:00,417.43687211491914,21.349638984333208,69.432637458883,1393.5445286350707,11.836778355511512
2024-01-01 05:42:00,417.4496657110872,17.754555956875404,69.5637189098069,1433.5382527677712,11.89361507839424
2024-01-01 05:43:00,409.9305682462887,20.7648194923681,69.9209127922428,1452.7853470342334,11.079172125865936
2024-01-01 05:44:00,410.2896169438168,20.33290441642611,70.2057790328752,1454.795691759922,9.777325664103005
2024-01-01 05:45:00,417.32049937357635,20.9849025280163,69.76030964234023,1419.1697457722212,12.377722169402956
2024-01-01 05:46:00,400.51915658502674,20.578337287815636,68.99413330186964,1487.971235225941,11.116930035193276
2024-01-01 05:47:00,400.92536225623445,24.91060027982179,69.27442927524142,1424.014754553565,10.809779388765504
2024-01-01 05:48:00,407.81555778747565,18.724520031497367,68.8643656657168,1479.083716015802,12.054783129531195
2024-01-01 05:49:00,412.86552848288153,18.938006089996364,68.796936045149,1462.8158308561506,11.186389888064696
2024-01-01 05:50:00,418.10907565598006,18.75371894715047,,1430.6131807046859,12.347949107237298
2024-01-01 05:51:00,429.7535621694955,18.88904576167949,67.90530800605718,1503.2593267782854,11.993604759661357
2024-01-01 05:52:00,423.57659623202017,18.725225745386965,68.06774682451862,1414.1908950473055,12.046855458560382
2024-01-01 05:53:00,413.40061470036574,22.378033062215103,68.29549337260941,1477.5746252083,10.407235431039572
2024-01-01 05:54:00,414.8098379209731,22.84100849597971,68.12254025239139,1480.0174695412893,12.469555188309121
2024-01-01 05:55:00,404.9747063536219,18.858507412501048,67.34522756474792,1429.8813937277007,11.709000424987085
2024-01-01 05:56:00,414.8148686400761,18.335288853791543,67.18135423027218,1491.7739590019298,11.204578288603038
2024-01-01 05:57:00,412.1134136107986,20.942831112772808,67.29889543189294,1442.4986045620315,11.614710773873801
2024-01-01 05:58:00,418.2271856033809,18.895553911438057,66.8552219612607,1458.6608088783958,10.079011813681344
2024-01-01 05:59:00,406.72769056447675,21.26586363551102,66.91022993719444,1457.8096551631365,11.826922249184538
2024-01-01 06:00:00,420.1934651424117,20.4058460417026,66.90563698244254,1445.9707377558836,10.676502793454343
2024-01-01 06:01:00,430.3273891300258,16.968511770005534,67.07942443232288,1474.3242481947934,10.417863771325173
2024-01-01 06:02:00,413.91239851543145,23.095010402660122,67.11529854284711,1473.8046616165664,10.282112651025686
2024-01-01 06:03:00,419.0171172209894,23.591755346191043,66.82337786058265,1397.5440408028546,12.39015069999194
2024-01-01 06:04:00,421.90143991711113,18.774422619031228,67.182349311082,1489.1302072863446,10.996589285045768
2024-01-01 06:05:00,410.98779528114164,19.224596880128033,67.13479043917391,1400.1252403589297,12.7269821679332
2024-01-01 06:06:00,417.2409248181042,20.57173078144981,67.12659907732093,1480.9763861302497,11.07135882955816
2024-01-01 06:07:00,415.12592400781796,20.66891357997405,66.84661868959897,1483.8011541048274,10.134113633925642
2024-01-01 06:08:00,415.97676098548834,21.317088545345662,66.71363401424152,1417.271007093544,10.606780448041073
2024-01-01 06:09:00,407.2699021614453,24.020409077532697,66.44819320003344,1437.6755713613625,12.488649296005551
2024-01-01 06:10:00,415.24510174258944,19.646105545011903,66.39630938205642,1416.828859945422,11.375281457650665
2024-01-01 06:11:00,419.9799829124545,18.403405510923093,66.90982192609913,1443.552369091338,11.061370162807519
2024-01-01 06:12:00,429.5114360779504,17.241361543970946,66.49825158321971,1440.7589714744277,11.62801458068223
2024-01-01 06:13:00,424.5927082608521,18.538139920116162,66.0141831638567,1473.3898159680803,11.901426188934035
2024-01-01 06:14:00,436.5318245751156,19.933746054252406,66.45553426210478,1489.3092623835882,12.39391905272197
2024-01-01 06:15:00,407.3265243711195,23.589115727035576,66.39273715895922,1491.8705143236987,12.65879938391434
2024-01-01 06:16:00,423.7232063672068,18.964777401927655,66.19201533736124,1433.1349592026509,11.212185083368732
2024-01-01 06:17:00,416.83342005738353,20.447575903277798,66.50398674358007,1443.7233437876641,10.439161851134369
2024-01-01 06:18:00,436.89802933217675,19.967154207854495,66.322302081659,1399.4968542333716,11.169227871101379
2024-01-01 06:19:00,406.9170171464485,22.376786546896167,66.8701049957231,1425.8238980051144,11.708224405266309
2024-01-01 06:20:00,406.60278157819226,25.053864851747242,67.07348275712486,1478.9455489929237,10.72899285903151
2024-01-01 06:21:00,409.0060735455598,18.938262454159357,66.92710933468116,1498.467484706447,10.734279268083966
2024-01-01 06:22:00,393.76104275690193,19.021121114963556,67.57430179866081,1412.9695338436024,11.775030305239909
2024-01-01 06:23:00,409.7424497831924,22.088321754138143,67.3925873217598,1432.2260722254132,11.46107811874364
2024-01-01 06:24:00,407.40867338446304,21.363782979252623,67.6152159333626,1449.2078272912322,11.526237596329269
2024-01-01 06:25:00,416.50393786476207,23.693414651472068,67.70500370748455,1458.4048347645883,10.893203732239945
2024-01-01 06:26:00,418.4175597577716,21.16785637065193,68.09552609430419,1425.7118944023507,11.315679428635386
2024-01-01 06:27:00,433.7617083921589,19.28141581842588,68.56397945332225,1462.7218313339226,10.760613484585356
2024-01-01 06:28:00,424.5042383818605,21.181309661384617,68.57358069804198,1435.7848195878726,12.21215872889983
2024-01-01 06:29:00,409.23096344337597,22.217407161165816,68.34755533693811,1449.5664318736517,12.328199467779003
2024-01-01 06:30:00,406.0158532865164,21.64096436239473,68.48554697981986,1466.388527440111,10.023049710209525
2024-01-01 06:31:00,419.91919171506504,21.014548062214594,68.28223236889423,1450.1926680943282,10.756391311846071
2024-01-01 06:32:00,401.7976679297936,22.13334937917831,68.8862485431522,1436.9084232842029,10.302776595927936
2024-01-01 06:33:00,433.31458765854353,22.338591180891346,68.92720914247703,1446.711705882225,10.979980852474482
2024-01-01 06:34:00,426.79440120721284,22.764317982075056,68.8176126770834,1447.3491112238398,11.433249624167711
2024-01-01 06:35:00,410.30824347895293,21.297419775179286,68.87301676884287,1438.899669103536,10.340283824241176
2024-01-01 06:36:00,397.86865470909123,19.665763839366292,68.46887888198395,1442.236118119987,10.762512149499749
2024-01-01 06:37:00,428.5387237416541,20.293427372866645,68.17739467043077,1497.9594151151416,10.696834102334801
2024-01-01 06:38:00,413.8546015474738,22.413017933016715,68.5375188428141,1466.827583438237,11.665813863519155
2024-01-01 06:39:00,427.3781631197346,18.366128658025527,68.34045055912267,1441.1355904591253,11.555475469629
2024-01-01 06:40:00,399.05572341205635,20.737346617745803,68.0263772643181,1470.908632135322,10.922609957330197
2024-01-01 06:41:00,409.00624977046226,19.213322375345278,68.18737309007628,1439.9854153073197,11.641456697711519
2024-01-01 06:42:00,415.0524369971818,20.057489645869634,68.54308433647518,1485.1937391275992,11.062655932330188
2024-01-01 06:43:00,415.46980593764744,22.556903725214596,68.7587703296747,1461.0892657659429,11.282675911739158
2024-01-01 06:44:00,410.49934528520754,20.382198136039808,69.05758463541645,1446.7809356798732,12.83876167223883
2024-01-01 06:45:00,421.228499323475,20.092873096312296,68.83054610884561,1463.4315077743083,12.572368841432278
2024-01-01 06:46:00,404.32379570617405,17.28028771804016,68.40400290882305,1402.873715437945,10.460335010457921
2024-01-01 06:47:00,413.5762051497871,21.492507132054442,68.8544030044097,1416.1969759327058,12.16378593430334
2024-01-01 06:48:00,416.202956317119,21.29096836228215,68.75759905275706,1414.1822498080282,12.149117243593274
2024-01-01 06:49:00,420.1443883405875,24.32650944661092,68.68234914782055,1454.2882928429112,10.581389368997906
2024-01-01 06:50:00,422.1161487808889,19.384443530094,69.08080739037526,1501.9754499845528,12.155022115003888
2024-01-01 06:51:00,403.7535790816213,20.43830065532788,69.24767639319546,1516.939004385779,12.730345534730041
2024-01-01 06:52:00,399.6588582926438,20.49876736742151,69.38444272481993,1469.1415330432228,10.601964155004469
2024-01-01 06:53:00,427.77676821898507,23.15490655952695,70.03394342829026,1465.0253342483338,10.765997743188588
2024-01-01 06:54:00,418.32314011979594,19.809408935226095,69.84088795917623,1395.9682679754178,12.314129173474802
2024-01-01 06:55:00,407.51513463443445,20.55804305154068,70.11923999760059,1433.7197860079793,11.71719624866052
2024-01-01 06:56:00,430.5115197552252,21.21579301943308,70.13634393506972,1426.366487442753,11.94118102019162
2024-01-01 06:57:00,416.1567463429286,20.373218246312717,70.21692161872869,1431.3745720524664,11.772471373120398
2024-01-01 06:58:00,426.79297184063824,19.107132770898943,70.67546214665245,1444.9556854424563,11.812556736742515
2024-01-01 06:59:00,415.6751848141011,20.388179985796615,70.82781287353934,1435.837282669086,10.438822297351134
2024-01-01 07:00:00,435.60747924881986,22.147263499719543,70.98930169725423,1390.6210056887264,12.33785416529716
2024-01-01 07:01:00,432.55340842443206,17.94696940117788,71.31105389844717,1472.4373076835261,12.435671993942218
2024-01-01 07:02:00,412.51035851520925,20.265939348293752,71.2015680795843,1417.8177092278058,11.316487404745578
2024-01-01 07:03:00,424.71570950954356,18.599758370121652,70.94980517938261,1457.1774059233344,11.46521844014891
2024-01-01 07:04:00,421.4537594958515,22.390093257849685,70.6363624211763,1512.2224800924992,10.275113997955422
2024-01-01 07:05:00,428.6863155753235,16.953626190432452,70.04645544436349,1422.4184622524074,11.911403804814269
2024-01-01 07:06:00,405.35076539419896,18.882156305456824,70.66331758334559,1374.0913743176102,11.957645953371316
2024-01-01 07:07:00,421.8605145999844,20.754423750129043,70.33235507362909,1441.4198733435967,11.450247186400551
2024-01-01 07:08:00,425.5842448684959,23.131048058468682,70.26597898655335,1483.0287890499571,12.399482687896402
2024-01-01 07:09:00,397.41260513576884,19.868499477854023,70.18293499658668,1508.7504236266177,11.232738215216047
2024-01-01 07:10:00,403.16741487334224,18.889600946613605,70.2751570059294,1413.1135121664274,11.95168474071488
2024-01-01 07:11:00,394.607678222399,23.76231413888118,70.5198781696912,1464.9009766970958,10.684268529046307
2024-01-01 07:12:00,412.30593165555445,17.10397219916751,70.77802021619912,1436.0406862965983,11.48115827930061
2024-01-01 07:13:00,422.1754225579596,15.602388086759836,70.60309698462844,1446.821549370876,11.360516593677731
2024-01-01 07:14:00,430.0235705209603,20.880028900106666,70.55296047049251,1529.330300410511,11.680246337632754
2024-01-01 07:15:00,415.74094780419773,18.99589155129478,70.637734455639,1404.9108901481454,11.204378456933313
2024-01-01 07:16:00,431.2861554557129,17.957534365738574,70.56312711778394,1457.6121898448373,11.394821923462665
2024-01-01 07:17:00,401.1989854178511,21.416712894598707,71.04533079058994,1464.030795152963,12.160837737153205
2024-01-01 07:18:00,397.9661756064485,20.487601427542398,71.1926232760814,1482.5735897481804,11.150588610209425
2024-01-01 07:19:00,414.4445230110338,18.871842738526542,71.41308661189636,1452.9394946041268,10.214738319409056
2024-01-01 07:20:00,418.84065448939305,17.43939120265821,71.61195099249659,1459.2415161851231,12.899667123364337
2024-01-01 07:21:00,414.67305251905907,21.74491465656029,71.96399314974218,1438.2505429773462,12.60516326295239
2024-01-01 07:22:00,394.32557899960125,21.30040235591732,72.01829961735329,1458.0738082373532,10.466189843915505
2024-01-01 07:23:00,414.1087996048721,19.801648272441234,71.62925003296654,1439.7042317350777,12.051766244196155
2024-01-01 07:24:00,401.95530499495146,23.69327399209533,71.74915641849233,1468.6471566956816,11.097620183558925
2024-01-01 07:25:00,421.6967254883004,17.859830467347695,71.55374935035478,1438.911689918691,11.710789772264848
2024-01-01 07:26:00,418.6659824609685,16.94894965815052,71.39516434582985,1461.3130118170657,11.735379303210795
2024-01-01 07:27:00,405.60120213672644,18.616183860237513,71.57107355145638,1449.1221155894507,11.312473759746942
2024-01-01 07:28:00,409.8613308266331,19.908827967289003,71.94255847288647,1483.7815075231651,10.872987467530884
2024-01-01 07:29:00,404.4078647811105,20.486678898645383,71.94893994590728,1448.4581882923453,10.947567158146992
2024-01-01 07:30:00,414.3732090272683,19.51752788428734,72.04158984968699,1396.8090259537935,10.767046467615007
2024-01-01 07:31:00,424.5514232050124,20.704110793028594,72.55225433307756,1487.8576450214198,10.834542233415645
2024-01-01 07:32:00,405.14273953664457,17.496921151619112,72.62448028692413,1422.8280309741215,11.446257367960516
2024-01-01 07:33:00,420.0404651551784,22.887529208146518,73.40498522117824,1430.3870098405355,10.927392008711399
2024-01-01 07:34:00,409.6974238162756,19.835697643214864,73.57463811486771,1432.1301611786953,12.045641652570096
2024-01-01 07:35:00,407.07127167737656,22.234591663176253,73.04640928712095,1491.2331427951244,12.689796924268741
2024-01-01 07:36:00,413.9296964004544,20.68545069275541,73.27241177345232,1385.9297735806392,11.035957406903966
2024-01-01 07:37:00,404.6475767758063,20.913506438307568,73.38675928891715,1544.1324560097999,11.691523600428301
2024-01-01 07:38:00,409.4635069465282,21.13953456046441,73.77368511514197,1481.6817042719815,11.899748088242347
2024-01-01 07:39:00,403.0212210741115,20.89541712003463,73.97563952052296,1456.6971674238748,11.87760181673542
2024-01-01 07:40:00,434.6472513291639,21.285445519735088,73.93410272532783,1448.3531799815114,11.56076421433287
2024-01-01 07:41:00,415.3526355197173,22.658305060264862,73.56681325444103,1458.5666222457296,12.094145934687777
2024-01-01 07:42:00,408.0027449200741,20.39304233940294,73.50410627725522,1465.6336728513802,11.885799162144526
2024-01-01 07:43:00,417.13979910734224,21.418007515177024,73.24895014099242,1469.3564675785017,10.509870062138162
2024-01-01 07:44:00,413.8767195030917,19.820528611425548,73.074793106051,1466.6681339801034,12.195324851511419
2024-01-01 07:45:00,412.79030400466775,22.880234430898945,73.2513666273772,1452.6874204376575,12.209832669813395
2024-01-01 07:46:00,421.14166700043427,18.64721539588146,73.75233797868262,1444.0798473907803,10.889371116657134
2024-01-01 07:47:00,422.57507710047304,23.60188086582163,73.87073943762951,1445.4618014903947,11.530350268358081
2024-01-01 07:48:00,409.6949885238947,19.919684098711315,73.51197451901895,1444.1527515894195,12.046663194248856
2024-01-01 07:49:00,409.2418175935532,17.138449795763904,73.64535531948499,1484.013102906012,11.33254894433651
2024-01-01 07:50:00,412.24948302848355,20.256208829821578,74.00434476547869,1467.8067016684258,12.358382438212809
2024-01-01 07:51:00,391.98078835264414,18.637896685050237,73.82140989418288,1361.7883409600715,13.391097995695489
2024-01-01 07:52:00,399.8480893780145,21.68128709797745,73.781204744181,1469.677023295893,10.871211173892014
2024-01-01 07:53:00,428.66874267444524,18.69475204139522,73.78561120259975,1455.8420858415632,10.39516431747698
2024-01-01 07:54:00,431.44967713501285,19.10763313357044,73.55014170867508,1449.4387373066231,11.743054876483901
2024-01-01 07:55:00,412.5096396044362,16.22091853810894,73.74462583882824,1438.3444464073334,12.077250004100915
2024-01-01 07:56:00,420.76556963055765,19.095387361501846,73.7083413942459,1483.7233815995803,11.315306900924185
2024-01-01 07:57:00,418.11250154543535,15.152241346742088,73.83420112741801,1478.4257938636858,12.662608530656827
2024-01-01 07:58:00,445.7888080845524,16.832194353028555,73.56795347407738,1426.8136699652916,10.4291153602214
2024-01-01 07:59:00,426.19574911434574,21.520829312288594,73.43671598398036,1462.211568613736,12.054334898425289
2024-01-01 08:00:00,413.72082408519236,21.571600317301666,73.6534303913287,1420.8502979637615,11.015311343392884
2024-01-01 08:01:00,405.44459559399576,20.85091512356993,73.54158044570117,1408.611455056332,12.875502324965836
2024-01-01 08:02:00,398.9355367974243,18.066047713741575,74.05966960107119,1431.1984832623011,13.094012282534495
2024-01-01 08:03:00,417.03463635867223,19.90457728771604,73.9397787453868,1475.8718041714828,10.886674729773322
2024-01-01 08:04:00,407.43649254715694,19.992794921818863,74.00718416311237,1478.5937513612826,11.060354291273136
2024-01-01 08:05:00,400.77746290402325,17.683270621614916,74.2869614126743,1465.3925626029188,12.187670309583842
2024-01-01 08:06:00,408.5342711575747,23.0067966035343,73.86145169279439,1471.7528736054398,11.190295480168388
2024-01-01 08:07:00,404.1845199638561,21.754724581151343,73.33320904920016,1465.4853486134487,11.46367102565421
2024-01-01 08:08:00,431.87141635072567,19.558071652340672,72.87551215482912,1430.7555521433114,11.520310736433927
2024-01-01 08:09:00,423.8163975694945,20.05377167798906,73.25428738585728,1462.9576763402183,9.964261475041875
2024-01-01 08:10:00,414.92027358683384,20.416765615895105,73.08872994208954,1474.0122857568306,11.488929803124611
2024-01-01 08:11:00,429.7994413889003,15.916530263151419,73.85618972779002,1472.6287398944073,10.94821778074866
2024-01-01 08:12:00,415.7736830764762,19.505645234958806,73.6869154481928,1485.6674011442392,11.105501742080182
2024-01-01 08:13:00,406.38715798671734,18.636031504004404,73.74228083915192,1471.2491154160318,12.65490560277505
2024-01-01 08:14:00,430.2312407726966,17.996759980210168,74.20491382492229,1460.5434462262474,10.494794484576595
2024-01-01 08:15:00,420.3891004368466,19.437799414228092,74.80674169137002,1482.1045071494927,12.150564149398381
2024-01-01 08:16:00,404.62753845673546,23.595373053699046,75.42519276436094,1449.2043622225283,11.276829655734554
2024-01-01 08:17:00,413.09661321916394,21.28168572253402,75.78770263353888,1423.5437604631684,11.276191865203332
2024-01-01 08:18:00,406.24381746615245,18.857642020434405,76.09492139128233,1445.107991081687,12.13229751684137
2024-01-01 08:19:00,401.17200269035663,21.145165562712318,76.27267947604267,1427.6529206558066,11.772041035655112
